stock,final_cumulative_return
中国平安 (601318.SH),0.3488463813843432
贵州茅台 (600519.SH),-0.07447580645161345
比亚迪 (002594.SZ),-0.63954260420509
